category,question,year
Allmänbildning,Det blir lagligt att sätta en påhängsmotor på cykeln i Sverige – mopeden föds.,1952
Allmänbildning,Alexander Fleming upptäcker penicillinet av en ren slump.,1928
Allmänbildning,Apple lanserar den allra första iPhone.,2007
Allmänbildning,Internet öppnas för allmänheten för första gången.,1991
Allmänbildning,Det första flygplanet tar sin jungfruflykt med bröderna Wright vid kontrollen.,1903
Allmänbildning,James Watson och Francis Crick presenterar DNA:s dubbelhelixstruktur.,1953
Allmänbildning,Ångmaskinen patenteras av James Watt och industrialiseringen tar fart.,1769
Allmänbildning,Albert Einstein publicerar sin speciella relativitetsteori.,1905
Allmänbildning,Rymdsonden Voyager 1 skjuts upp mot det yttre solsystemet.,1977
Allmänbildning,Hål i ozonlagret ovanför Antarktis upptäcks av brittiska forskare.,1985
Allmänbildning,Klonade fåret Dolly presenteras som det första klonade däggdjuret.,1996
Allmänbildning,Thomas Edison tar patent på glödlampan.,1879
Allmänbildning,Den första bärbara mobiltelefonen säljs av Motorola.,1983
Allmänbildning,Tim Berners-Lee uppfinner World Wide Web.,1989
Allmänbildning,Dmitrij Mendelejev presenterar det periodiska systemet.,1869
Allmänbildning,Det första provrörsbefruktade barnet Louise Brown föds i England.,1978
Allmänbildning,Wikipedia grundas på internet.,2001
Allmänbildning,Röntgen upptäcker röntgenstrålning.,1895
Allmänbildning,Facebook lanseras av Mark Zuckerberg från sitt studentrum.,2004
Allmänbildning,FN:s konvention om barns rättigheter antas.,1989
Allmänbildning,Aspirin börjar säljas i tablettform av Bayer.,1900
Allmänbildning,John Logie Baird visar rörliga bilder via radio – televisionen föds.,1926
Allmänbildning,GPS-systemet öppnas för civil användning runt hela världen.,1994
Allmänbildning,Europakonventionen om de mänskliga rättigheterna träder i kraft.,1953
Allmänbildning,Kopernikus presenterar teorin att Solen är i centrum av solsystemet.,1543
Allmänbildning,Pasteur uppfinner pastörisering och räddar miljontals liv.,1864
Allmänbildning,Den första kärnkraftverket tas i drift i Obninsk i Sovjet.,1954
Allmänbildning,Det första moderna OS hålls i Aten och återupplivar olympiska spelen.,1896
Allmänbildning,Den första blodtransfusionen lyckas på människa.,1818
Allmänbildning,Google grundas av Larry Page och Sergey Brin.,1998
Allmänbildning,Hubble-teleskopet skjuts upp i rymden.,1990
Allmänbildning,Den första hjärttransplantationen genomförs av Christiaan Barnard.,1967
Allmänbildning,MRI-scannern uppfinns och revolutionerar medicinsk diagnos.,1977
Allmänbildning,Första datorn ENIAC tas i drift i USA.,1945
Allmänbildning,Amazon grundas av Jeff Bezos som en webbutik för böcker.,1994
Allmänbildning,Den första kvinnliga rösträtten i världen tas i Nya Zeeland.,1893
Allmänbildning,Insulinet isoleras och räddar liv för diabetiker världen över.,1921
Allmänbildning,Den första konstgjorda satelliten Sputnik skjuts upp av Sovjet.,1957
Allmänbildning,Plast uppfinns av Leo Baekeland och förändrar materialvärlden.,1907
Allmänbildning,De första antibiotika-resistenta bakterierna rapporteras av forskare.,1947
Allmänbildning,Bilar med bensinmotor tillverkas av Karl Benz för allmän försäljning.,1888
Allmänbildning,Telegraflinjen mellan Europa och Nordamerika läggs längs havsbotten.,1866
Allmänbildning,Twitter lanseras och mikrobloggning tar fart.,2006
Allmänbildning,Sonden Mars Pathfinder landar på Mars och skickar bilder till Jorden.,1997
Allmänbildning,Strålbehandling för cancer används för allra första gången.,1896
Allmänbildning,Cholera-vaccinet tas fram av Louis Pasteur.,1880
Allmänbildning,Första robotkirurgin genomförs framgångsrikt på människa.,1985
Allmänbildning,Einsteins fotoelektriska effekt förklaras och kvantfysiken föds.,1905
Allmänbildning,Första antidepressiva läkemedlet Iproniazid godkänns.,1958
Allmänbildning,Arkimedes formulerar principen om flytkraft i sitt bad.,250 f.Kr.
Allmänbildning,Pythagoras sats formuleras och används fortfarande i matematik.,500 f.Kr.
Allmänbildning,Euklides sammanfattar geometrin i Elementa.,300 f.Kr.
Allmänbildning,Arabiska talsystemet med siffran noll tas i bruk i Europa.,800
Allmänbildning,Roger Bacon beskriver grunderna för den vetenskapliga metoden.,1267
Allmänbildning,Tryckt bok med rörliga typer produceras för första gången i Europa.,1455
Allmänbildning,Teleskopet uppfinns och möjliggör astronomiska observationer.,1608
Allmänbildning,Barometern uppfinns av Evangelista Torricelli.,1643
Allmänbildning,Mikroskopet förbättras av Antonie van Leeuwenhoek och bakterier ses.,1674
Allmänbildning,Ångmaskinen förbättras och blir praktiskt användbar i industrin.,1782
Allmänbildning,Elektrisk ström beskrivs av Alessandro Volta som skapar det första batteriet.,1800
Allmänbildning,Elektromagnetism beskrives av James Clerk Maxwell i fyra ekvationer.,1865
Allmänbildning,Telefonen uppfinns av Alexander Graham Bell.,1876
Allmänbildning,Fonografen uppfinns av Thomas Edison och låter folk spela in ljud.,1877
Allmänbildning,Elektricitet distribueras kommersiellt för första gången i New York.,1882
Allmänbildning,Bilen med förbränningsmotor produceras av Karl Benz.,1885
Allmänbildning,Radion uppfinns av Guglielmo Marconi.,1895
Allmänbildning,Flygmaskinen lyfter för första gången i Kitty Hawk med Wright-bröderna.,1903
Allmänbildning,Kvantmekaniken formuleras av Planck och Einstein.,1900
Allmänbildning,Relativitetsteorin publiceras av Einstein.,1905
Allmänbildning,Penicillin-effekten på bakterier observeras av Fleming.,1928
Allmänbildning,Kärnfissionen uppnås för första gången i ett laboratorium.,1938
Allmänbildning,Den allra första datorn ENIAC aktiveras och fyller ett helt rum.,1945
Allmänbildning,Transistorn uppfinns och möjliggör moderna elektronikprodukter.,1947
Allmänbildning,Polio-vaccinet godkänns och räddar miljontals barn.,1955
Allmänbildning,Lasern uppfinns av Theodore Maiman.,1960
Allmänbildning,Internet föregångaren ARPANET kopplas samman för första gången.,1969
Allmänbildning,E-post skickas för första gången på ARPANET.,1971
Allmänbildning,Persondatorn IBM PC lanseras och hemmabruk av dator möjliggörs.,1981
Allmänbildning,CD-skivan lanseras och digitalt ljud når konsumenter.,1982
Allmänbildning,Mac-datorn lanseras av Apple med ett grafiskt gränssnitt.,1984
Allmänbildning,Hubble-teleskopet skjuts ut i rymden och ger oss bilder av universum.,1990
Allmänbildning,World Wide Web öppnas för allmänheten och internet-åldern börjar.,1991
Allmänbildning,DVD-formatet lanseras och ersätter VHS-kassetten gradvis.,1996
Allmänbildning,Google grundas och förändrar hur vi söker information.,1998
Allmänbildning,Bluetooth-standarden lanseras och trådlös teknik sprids.,1998
Allmänbildning,USB-standarden etableras och gör dataöverföring enklare.,1996
Allmänbildning,WiFi-standarden fastställs och trådlöst internet sprids.,1997
Allmänbildning,iPad lanseras och surfplattor revolutionerar datoranvändning.,2010
Allmänbildning,Android-operativsystemet lanseras av Google.,2008
Allmänbildning,ChatGPT lanseras och AI-assistenter når allmänheten.,2022
Allmänbildning,AlphaGo besegrar en mästerspelare i Go och AI:s kapabilitet visas.,2016
Allmänbildning,mRNA-vaccin godkänns mot COVID-19 och är en ny typ av vaccin.,2020
Allmänbildning,James Webb-teleskopet skickar sina första bilder och förvånar världen.,2022
Allmänbildning,Jordens befolkning når 8 miljarder människor.,2022
Allmänbildning,Jordens befolkning passerade 7 miljarder för första gången.,2011
Allmänbildning,Den globala medeltemperaturen slår rekord för fjärde gången på ett decennium.,2023
Allmänbildning,Klimatpanelen IPCC varnar för ökad uppvärmning utan åtgärder.,2021
Allmänbildning,El Niño orsakar extremväder runt om i världen.,2023
Allmänbildning,Aralsjön i Centralasien är nästan helt uttorkad på grund av mänskliga ingrepp.,2000
Allmänbildning,Plastpartiklar hittas i männskors blod för första gången.,2022
Allmänbildning,Mikrofossiler av liv hittas i en meteorit från Mars – diskuteras fortfarande.,1996
Allmänbildning,Vattenisen på Mars bekräftas av Mars Express.,2004
Allmänbildning,Saturnus ringar visar sig vara yngre än planeten själv.,2023
Allmänbildning,Ett svart hål fotograferas för första gången.,2019
Allmänbildning,Gravitationsvågor detekteras av LIGO för första gången.,2015
Allmänbildning,Higgspartikeln bekräftas av CERN.,2012
Allmänbildning,Neutrino observeras för första gången och bevisar Einsteins teori.,1956
Allmänbildning,DNA-fingeravtryck används för första gången i en brottsutredning.,1986
Allmänbildning,Genomet för en lus kartläggs för att förstå evolution.,2010
Allmänbildning,Humant genom kartläggs fullständigt i Human Genome Project.,2003
Allmänbildning,Hjärnceller odlas i laboratorium för första gången – organoid.,2013
Allmänbildning,Stamcellsterapi används i klinisk prövning mot blindhet.,2010
Allmänbildning,3D-printing av organ testas med mänskliga celler för första gången.,2011
Allmänbildning,Roboten Sophia från Hong Kong ges saudiskt medborgarskap.,2017
Allmänbildning,Självkörande bilar testas i verklig trafik av Google Waymo.,2015
Allmänbildning,Tesla lanserar Model S och elbilar blir attraktiva för många.,2012
Allmänbildning,SpaceX återanvänder en raketbooster för första gången i historien.,2017
Allmänbildning,SpaceX:s Starship gör sin första lyckade testflygning.,2023
Allmänbildning,NASA:s Artemis I-mission kretsar runt månen utan besättning.,2022
Allmänbildning,Kina landar ett månfordon på månens baksida för första gången.,2019
Allmänbildning,Indien landar framgångsrikt ett fordon nära månens sydpol.,2023
Allmänbildning,Elon Musks SpaceX fyrar av Starship – historiens mäktigaste raket.,2023
Allmänbildning,Antibiotika-resistens pekad ut av WHO som ett av de största hoten mot folkhälsan.,2019
Allmänbildning,Det första vaccinet mot COVID-19 godkänns för nödanvändning.,2020
Allmänbildning,Sars-viruset sprids internationellt och WHO utfärdar en global varning.,2003
Allmänbildning,Ebolautbrottet i Västafrika kostar 11 000 liv och skrämmer världen.,2014
Allmänbildning,HIV-viruset identifieras för första gången.,1983
Allmänbildning,Det första godkända vaccinet mot HIV testas på människa.,2009
Allmänbildning,Vaccin mot humant papillomvirus HPV godkänns.,2006
Allmänbildning,Alzheimers sjukdoms progression bromsas i kliniska prövningar.,2023
Allmänbildning,Google DeepMind's AlphaFold löser proteinveckningsproblemet.,2020
Allmänbildning,Nobel-priset i medicin tilldelas för mRNA-vaccin-tekniken.,2023
Allmänbildning,Nobel-priset i fysik tilldelas för arbetet med artificiell intelligens.,2024
Allmänbildning,Eld tämjs av Homo erectus och möjliggör tillagning av mat.,500000 f.Kr.
Allmänbildning,Jordbruket uppkommer i den bördiga halvmånen och revolutionerar livsmedelsproduktion.,10000 f.Kr.
Allmänbildning,Skrivkonsten uppfinns i Mesopotamien och historia kan bevaras.,3200 f.Kr.
Allmänbildning,Hjulet uppfinns och transport och handel förändras.,3500 f.Kr.
Allmänbildning,Bronzåldern börjar i Mesopotamien och metaller används i verktyg.,3000 f.Kr.
Allmänbildning,Järnåldern börjar i Anatolien och järn ersätter brons.,1200 f.Kr.
Allmänbildning,Det första myntsystemet skapas i Lydien i nutidens Turkiet.,600 f.Kr.
Allmänbildning,Hippokrates lade grunden till modern medicin och läkareden bär hans namn.,400 f.Kr.
Allmänbildning,Alexandria-biblioteket grundas och samlar antikens kunskap.,300 f.Kr.
Allmänbildning,Kineserna uppfinner pappret och dokumentation förenklas.,105
Allmänbildning,Muslimska vetenskapsmän bevarar och utvidgar antikens kunskap under den islamiska guldåldern.,800
Allmänbildning,Kineserna uppfinner krutet.,850
Allmänbildning,Kompassen uppfinns i Kina och möjliggör navigation till havs.,1090
Allmänbildning,Den svarta döden utplånar en tredjedel av Europas befolkning.,1347
Allmänbildning,Galileo Galilei bevisar empiriskt att tunga och lätta föremål faller lika snabbt.,1589
Allmänbildning,William Harvey beskriver blodcirkulationen i kroppen.,1628
Allmänbildning,Antoine Lavoisier grundlägger modern kemi och namnger syre.,1778
Allmänbildning,Robert Koch identifierar bakterien som orsakar tuberkulos.,1882
Allmänbildning,Louis Pasteur visar att sjukdomar sprids av bakterier.,1857
Allmänbildning,Madam Curie isolerar polonium och radium.,1898
Allmänbildning,Ernest Rutherford beskriver atomkärnan.,1911
Allmänbildning,Niels Bohr presenterar sin modell av atomen.,1913
Allmänbildning,Den stora depressionen börjar med Wall Street-kraschen.,1929
Allmänbildning,Alan Turing presenterar idén om en universell beräkningsmaskin – Turing-maskinen.,1936
Allmänbildning,Eniac – världens första programmerbara dator – tas i drift i Philadelphia.,1945
Allmänbildning,Halvledaren transistorn uppfinns av Bell Labs.,1947
Allmänbildning,Jonas Salk tar fram ett vaccin mot polio.,1952
Allmänbildning,Det integrerade kretskortet uppfinns av Jack Kilby.,1958
Allmänbildning,ARPANET kopplar upp fyra universitet och internet föds.,1969
Allmänbildning,Floppy-disken uppfinns av IBM och möjliggör portabel datalagring.,1971
Allmänbildning,Barcode-systemet börjar användas i butiker.,1974
Allmänbildning,Apple II säljs och persondatorn når hushållen.,1977
Allmänbildning,Världens första text-SMS skickas från en dator till en mobiltelefon.,1992
Allmänbildning,Java programmeringsspråket lanseras.,1995
Allmänbildning,Google Maps lanseras och digital kartläggning når alla.,2005
Allmänbildning,iPhone lanseras och smarttelefon-åldern börjar.,2007
Allmänbildning,AI genererar bilder från text och verktyg som DALL-E når allmänheten.,2022
Allmänbildning,Självkörande bilar godkänns för kommersiell drift i San Francisco.,2023
Allmänbildning,Kvantdatorer utför beräkningar som är omöjliga för klassiska datorer.,2019
Allmänbildning,Meta lanserar sina smarta glasögon i samarbete med Ray-Ban.,2023
Allmänbildning,Niklas Zennström och Janus Friis grundar Skype och förändrar telefonin.,2003
Allmänbildning,Napster stängs ner av domstol efter kamp mot skivbolagen.,2001
Allmänbildning,LinkedIn grundas och professionellt nätverkande digitaliseras.,2003
Allmänbildning,Reddit grundas som ett forum för nyheter och diskussion.,2005
Allmänbildning,Airbnb grundas och privatpersoner börjar hyra ut sina hem.,2008
Allmänbildning,Uber grundas och taxibranschen utmanas av en app.,2009
Allmänbildning,Instagram köps av Facebook för en miljard dollar.,2012
Allmänbildning,Snapchat avvisar ett erbjudande från Facebook om 3 miljarder dollar.,2013
Allmänbildning,Den första kommersiella 5G-nätverket aktiveras i Sydkorea.,2019
Allmänbildning,Starlink-satellitinternet börjar sin betaperiod för allmänheten.,2020
Allmänbildning,Nintendo Switch lanseras och säljer bättre än förväntat.,2017
Allmänbildning,PlayStation 2 lanseras och blir den mest sålda spelkonsolen i historien.,2000
Allmänbildning,Xbox lanseras av Microsoft och utmanar PlayStation.,2001
Allmänbildning,Wii lanseras av Nintendo och rörelsestyrning populäriseras.,2006
Allmänbildning,Googles Gemini-modell lanseras och konkurrerar med OpenAI.,2023
Allmänbildning,E-bokläsaren Kindle lanseras av Amazon.,2007
Allmänbildning,Första 3D-printade huset byggs och invigs i Holland.,2018
Allmänbildning,Boston Dynamics robot Atlas springer och hoppar utan att falla.,2018
Allmänbildning,Det första AI-genererade konstverket säljs på auktionshuset Christie's.,2018
Allmänbildning,Den första kärnfusionsreaktorn som producerar netto-energi aktiveras i USA.,2022
Allmänbildning,Solpaneler täcker mer än 4 procent av USA:s elproduktion.,2023
Allmänbildning,EU:s AI-förordning antas som världens första heltäckande AI-lag.,2024
Allmänbildning,EU:s GDPR-dataskyddsförordning träder i kraft.,2018
Allmänbildning,Kinas digitala yuan testas i stor skala.,2021
Allmänbildning,El Salvador blir det första landet att godkänna Bitcoin som lagligt betalmedel.,2021
Allmänbildning,NFT-konstverk säljs för 69 miljoner dollar på Christie's av Beeple.,2021
Allmänbildning,Kryptovalutan Ethereum lanseras med smarta kontrakt.,2015
Allmänbildning,FTX-grundaren Sam Bankman-Fried döms för bedrägeri.,2023
Allmänbildning,ChatGPT-konkurrenten Claude lanseras av Anthropic.,2023
Allmänbildning,Google Maps introducerar Street View och ger virtuella gaturundturer.,2007
Allmänbildning,Spotify når 100 miljoner betalande prenumeranter.,2019
Allmänbildning,Netflix börjar producera egna originalserier med House of Cards.,2013
Allmänbildning,Röntgenstrålning används för att avbilda ett skelett för första gången i medicinsk historia.,1896
Allmänbildning,Blodgrupper A och B upptäcks av Karl Landsteiner.,1901
Allmänbildning,Vitaminet C identifieras av Albert Szent-Györgyi.,1928
Allmänbildning,Kemoterapi används för första gången mot cancer.,1943
Allmänbildning,Första pacemakern implanteras i en människa i Sverige.,1958
Allmänbildning,Första dialysmaskinen används på en människa av Willem Kolff.,1943
Allmänbildning,Mjältbränna-vaccinet skapas av Louis Pasteur.,1881
Allmänbildning,Tuberkulosvaccinet BCG börjar användas.,1921
Allmänbildning,Polio-vaccin av Sabin ges oralt och når fler barn.,1961
Allmänbildning,Mässlingvaccin introduceras och räddar miljoner liv per år.,1963
Allmänbildning,HPV-vaccinet godkänns och erbjuds tonåringar.,2006
Allmänbildning,Ebola-vaccinet godkänns av FDA.,2019
Allmänbildning,Malariavaccin rekommenderas av WHO för barn i Afrika.,2021
Allmänbildning,Första MRI-bilden av en människa tas i Aberdeen i Skottland.,1980
Allmänbildning,CT-skannern uppfinns och revolutionerar diagnostik.,1972
Allmänbildning,Ultraljudet börjar användas för att avbilda foster under graviditet.,1958
Allmänbildning,Den första laserkirurgin på öga utförs.,1987
Allmänbildning,Genterapi botar en patient från ärftlig blindhet.,2008
Allmänbildning,Syntetiskt insulin produceras med genteknik för första gången.,1982
Allmänbildning,Statiner godkänns och sänker kolesterolvärden hos miljoner.,1987
Allmänbildning,Viagra godkänns av FDA och blir ett kulturellt fenomen.,1998
Allmänbildning,Ibuprofen godkänns för receptfri försäljning i USA.,1984
Allmänbildning,Paracetamol börjar säljas receptfritt i Sverige.,1955
Allmänbildning,Anestesi används för första gången vid en operation.,1846
Allmänbildning,Joseph Lister introducerar antiseptiska metoder i kirurgi.,1867
Allmänbildning,Den första framgångsrika blodtransfusionen med korrekt blodgrupp utförs.,1907
Allmänbildning,Stamceller isoleras från mänskliga embryon för forskning.,1998
Allmänbildning,Alzheimers sjukdom beskrivs för första gången av Alois Alzheimer.,1906
Allmänbildning,Parkinson-sjukdomen beskrivs av James Parkinson i En avhandling.,1817
Allmänbildning,Diabetes typ 1 behandlas framgångsrikt med insulin av Banting och Best.,1922
Allmänbildning,Kolera sprids via förorenat vatten – bevisas av John Snow i London.,1854
Allmänbildning,Aids-viruset HIV isoleras och identifieras av Montagnier och Gallo.,1984
Allmänbildning,Antiretrovirala läkemedel mot HIV gör sjukdomen hanterbar.,1996
Allmänbildning,Polio deklareras utrotad i Europa av WHO.,2002
Allmänbildning,Spanska sjukan dödar uppskattningsvis 50 miljoner människor.,1918
Allmänbildning,Kolera-pandemin sprids från Indien till Europa och Amerika.,1832
Allmänbildning,Pestens böldpest når sin höjdpunkt i Europa och dödar 25 miljoner.,1350
Allmänbildning,Tyfus-vaccinet tas fram av Almroth Wright.,1896
Allmänbildning,Röda korset grundas av Henri Dunant efter slaget vid Solferino.,1863
Allmänbildning,WHO grundas som FN:s hälsoorgan.,1948
Allmänbildning,Läkare utan gränser grundas av franska läkare och journalister.,1971
Allmänbildning,Oxfam grundas för att bekämpa hunger och fattigdom.,1942
Allmänbildning,UNICEF grundas för att skydda barn i krigsdrabbade länder.,1946
Allmänbildning,Amnesty International grundas för att försvara mänskliga rättigheter.,1961
Allmänbildning,Greenpeace grundas i Vancouver och miljökampen tar ny form.,1971
Allmänbildning,Kontinentaldriften bevisas av Alfred Wegener och geologin förändras.,1912
Allmänbildning,Plattektonik accepteras av vetenskapssamhället som geologisk teori.,1960
Allmänbildning,Den djupaste havsgraven Marianergraven uppmäts till nästan 11 000 meter.,1951
Allmänbildning,James Cameron dyker ensam till Marianergraven i en specialbyggd ubåt.,2012
Allmänbildning,IPCC publicerar sin första klimatrapport och varnar för växthuseffekten.,1990
Allmänbildning,Kyotoprotokolltet undertecknas och länder lovar att minska utsläpp.,1997
Allmänbildning,Parisavtalet undertecknas av 196 länder vid COP21.,2015
Allmänbildning,COP26 hålls i Glasgow och länderna skärper sina klimatlöften.,2021
Allmänbildning,Vulkanen Mount Pinatubo exploderar och sänker den globala temperaturen.,1991
Allmänbildning,Passenger Pigeon – en fågel som en gång flög i miljardstora flockar – dör ut.,1914
Allmänbildning,Dodofågeln utrotas av europeiska sjöfarare och deras djur.,1681
Allmänbildning,WWF grundas och kämpar för hotade djurarter världen över.,1961
Allmänbildning,Atommolekylen DNA fotograferas för allra första gången.,2012
Allmänbildning,Kvantintrassling experimentellt bevisas av Aspect och kollegor.,1982
Allmänbildning,Nobelpriset i fysik tilldelas för kvantintrassling och kvantkommunikation.,2022
Allmänbildning,Graphen tillverkas för första gången av Geim och Novoselov.,2004
Allmänbildning,Nanotuber av kol tillverkas och materialkunnandet tar ett kliv.,1991
Allmänbildning,Den periodiska tabellen fyller 150 år och element 118 bekräftas.,2019
Allmänbildning,Big Bang-teorin bekräftas med kosmisk bakgrundsstrålning.,1964
Allmänbildning,Hubbles lag som visar att universum expanderar publiceras.,1929
Allmänbildning,Det första fotot i historien tas av Joseph Nicéphore Niépce.,1826
Allmänbildning,Daguerreotypin presenteras och fotografi blir tillgängligt för fler.,1839
Allmänbildning,Färgfotografi introduceras kommersiellt av Kodak.,1935
Allmänbildning,Den första digitalkameran byggs av Kodak-ingenjören Steve Sasson.,1975
Allmänbildning,JPEG-standarden fastställs och digital bildkomprimering sprids.,1992
Allmänbildning,Stumfilmsepoken avslutas och ljudfilm tar över med The Jazz Singer.,1927
Allmänbildning,Technicolor-filmen Trollkarlen från Oz visar filmens framtid i färg.,1939
Allmänbildning,CinemaScope ger bredbildsfilm och konkurrerar med tidig TV.,1953
Allmänbildning,IMAX-formatet presenteras vid världsutställningen i Osaka.,1970
Allmänbildning,Toy Story är världens första helanimerade 3D-datorfilm.,1995
Allmänbildning,Blu-ray besegrar HD-DVD i formatkampen.,2008
Allmänbildning,4K-TV når konsumentmarknaden.,2012
Allmänbildning,Radio för allmänheten börjar sändas i USA av KDKA i Pittsburgh.,1920
Allmänbildning,BBC grundas som världens äldsta nationella radio- och TV-bolag.,1922
Allmänbildning,Färg-TV börjar sändas i USA.,1954
Allmänbildning,Satellitsänd TV når hem via parabolantenner.,1976
Allmänbildning,Teletext introduceras i Sverige och ger textbaserad information på TV.,1979
Allmänbildning,Det första persondatorn Apple I säljs av Steve Jobs och Wozniak.,1976
Allmänbildning,MS-DOS lanseras av Microsoft och IBM installerar det i sina datorer.,1981
Allmänbildning,Windows 1.0 lanseras av Microsoft.,1985
Allmänbildning,Linux-kärnan publiceras av Linus Torvalds.,1991
Allmänbildning,Netscape Navigator lanseras och webbsurfning sprids till allmänheten.,1994
Allmänbildning,Google Chrome lanseras.,2008
Allmänbildning,JavaScript skapas av Brendan Eich på tio dagar.,1995
Allmänbildning,Python-programmeringsspråket publiceras av Guido van Rossum.,1991
Allmänbildning,HTML5 standardiseras och webben kan hantera video och ljud inbyggt.,2014
Allmänbildning,PayPal grundas och onlinebetalningar förenklas för miljoner.,1998
Allmänbildning,Signal-appen lanseras och krypterade meddelanden når allmänheten.,2014
Allmänbildning,iCloud lanseras och Apples produkter synkroniseras trådlöst.,2011
Allmänbildning,Alexa lanseras av Amazon och smarta högtalare tar plats i hemmet.,2014
Allmänbildning,Google Assistant lanseras och röststyrda AI-assistenter sprids.,2016
Allmänbildning,Siri lanseras av Apple som första röstassistent på smartphone.,2011
Allmänbildning,Augmented Reality-glasögon Google Glass testas men når aldrig massmarknaden.,2013
Allmänbildning,Det första GSM-samtalet rings och 2G-mobilnätet föds.,1991
Allmänbildning,Kopieringsmaskinen Xerox 914 lanseras och kontorsarbetet förändras.,1959
Allmänbildning,Räknemaskinen introduceras och manuell kalkyl underlättas.,1961
Allmänbildning,Blixtlåset uppfinns och knappar ersätts i kläder och väskor.,1913
Allmänbildning,Post-it-lappen uppfinns av misstag på 3M.,1968
Allmänbildning,Tejpen uppfinns av 3M och används inom otaliga områden.,1930
Allmänbildning,Det första postfrimärket – Penny Black – ges ut i Storbritannien.,1840
Allmänbildning,Posten grundas i Sverige under Gustav II Adolfs tid.,1636
Allmänbildning,Telegrafen uppfinns av Samuel Morse och används kommersiellt.,1837
Allmänbildning,Morses alfabet standardiseras och används av telegrafister världen över.,1844
Allmänbildning,Atlantkabeln läggs och Europa och Amerika kopplas via telegraf.,1858
Allmänbildning,Telefonnätet för allmänheten öppnas i Stockholm.,1880
Allmänbildning,Svensk television börjar sända reguljärt.,1956
Allmänbildning,Sveriges Radio grundas som statlig radio.,1925
Allmänbildning,Aftonbladet grundas och är en av Sveriges äldsta dagstidningar.,1830
Allmänbildning,Dagens Nyheter grundas i Stockholm.,1864
Allmänbildning,Gutenbergs Bibel trycks och är en av de första böckerna i Europa.,1455
Allmänbildning,Encyklopedin Encyclopédie ges ut i Frankrike och sprider upplysningsidéer.,1751
Allmänbildning,Nationalencyklopedin ges ut i Sverige.,1989
Allmänbildning,Brockhaus-lexikonet ges ut och blir en standardreferens i Tyskland.,1796
Allmänbildning,Merriam-Webster-ordboken ges ut och definierar amerikansk engelska.,1828
Allmänbildning,Oxford English Dictionary publicerar sin första fullständiga utgåva.,1928
Allmänbildning,FN:s Deklaration om de mänskliga rättigheterna antas av generalförsamlingen.,1948
Allmänbildning,Barnkonventionen ratificeras av Sverige.,1990
Allmänbildning,Folkrätten kodifieras i Genèvekonventionerna.,1949
Allmänbildning,Internationella brottmålsdomstolen ICC etableras i Haag.,2002
Allmänbildning,Nobelpriset delas ut för första gången i Stockholm.,1901
Allmänbildning,Nobelpriset i ekonomi instiftas och delas ut för första gången.,1969
Allmänbildning,Nobels fredspris delas ut i Oslo för första gången.,1901
Allmänbildning,Nobelprisets ceremoni sänds live på TV för första gången.,1953
Allmänbildning,Riksdagens byggnad i Stockholm invigs.,1905
Allmänbildning,Allmän och lika rösträtt för svenska män och kvinnor införs.,1921
Allmänbildning,Semesterlagen i Sverige utökas till 5 veckors lagstadgad semester.,1977
Allmänbildning,Sverige inför föräldraförsäkring för båda föräldrarna.,1974
Allmänbildning,Sverige inför fri sjukvård för barn under 18 år.,1970
Allmänbildning,Systembolaget grundas som statligt alkoholmonopol i Sverige.,1955
Allmänbildning,Spritransoneringen avskaffas i Sverige.,1955
Allmänbildning,Sverige inför krav på bilbälte för framsätespassagerare.,1975
Allmänbildning,Hjälmtvång för cyklister under 15 år införs i Sverige.,2005
Allmänbildning,Rökförbudet på restauranger och barer träder i kraft i Sverige.,2005
Allmänbildning,Sverige inför plastpåseavgift i butiker.,2020
Allmänbildning,Dödsstraffet avskaffas i Sverige för civila brott.,1921
Allmänbildning,Homosexualitet avkriminaliseras i Sverige.,1944
Allmänbildning,Samkönade par i Sverige får rätt att gifta sig.,2009
Allmänbildning,Sverige inför könsneutral äktenskapslagstiftning.,2009
Allmänbildning,Abortlagen i Sverige tillåter fri abort upp till vecka 18.,1974
Allmänbildning,Sverige antar en ny grundlag och stärker yttrandefriheten.,1974
Allmänbildning,Sverige byter till decimalsystemet för mått och vikt.,1855
Allmänbildning,Sverige övergår till högertrafik på Dagen H.,1967
Allmänbildning,Kronans koppling till guldet avskaffas och valutan flotteras.,1931
Allmänbildning,Sverige ansöker om EU-medlemskap.,1991
Allmänbildning,Sverige inträder i EU efter folkomröstning.,1995
Allmänbildning,Sverige röstar nej till att gå med i eurosamarbetet.,2003
Allmänbildning,Flygplatsen Arlanda Express öppnas och Stockholm får snabbtåg till flygplatsen.,1999
Allmänbildning,Det första olympiska spelen i antiken hålls i Olympia i Grekland.,776 f.Kr.
Allmänbildning,Silkesvägen öppnas och handel mellan Kina och Europa blir möjlig.,130 f.Kr.
Allmänbildning,Det romerska rikets vägbygge skapar ett 400 000 km långt vägnät.,100
Allmänbildning,Akvedukter möjliggör dricksvatten och hygien i romarrikets städer.,100 f.Kr.
Allmänbildning,Papperspengar uppfinns i Kina under Tangdynastin.,700
Allmänbildning,Det första universitetet i världen – Al-Qarawiyyin – grundas i Marocko.,859
Allmänbildning,Det första universitetet i Europa grundas i Bologna.,1088
Allmänbildning,Oxford University grundas och börjar ta emot studenter.,1096
Allmänbildning,Cambridge University grundas av lärare som lämnat Oxford.,1209
Allmänbildning,Uppsala universitet grundas och är Nordens äldsta.,1477
Allmänbildning,Lunds universitet grundas under dansk överhöghet.,1666
Allmänbildning,KTH grundas i Stockholm och utbildar ingenjörer.,1827
Allmänbildning,Karolinska Institutet grundas som ett medicinsk lärosäte.,1810
Allmänbildning,Folkskolan i Sverige inrättas och utbildning når alla barn.,1842
Allmänbildning,Folkskolan blir obligatorisk och läskunnigheten ökar dramatiskt.,1882
Allmänbildning,Grundskolan ersätter folkskolan och realskolan i Sverige.,1962
Allmänbildning,Gymnasieskolan reformeras och tre år för alla införs i Sverige.,1970
Allmänbildning,Förskolan i Sverige byggds ut och barnomsorg garanteras.,1975
Allmänbildning,Friskolereformen i Sverige möjliggör privata grundskolor.,1992
Allmänbildning,Internationella fonetiska alfabetet IPA fastställs.,1888
Allmänbildning,Sverigedemokraterna väljer Jimmie Åkesson till partiledare.,2005
Allmänbildning,Socialdemokraternas längsta regeringsperiod i Sverige tar slut.,1991
Allmänbildning,Moderaterna bildar Alliansen och vinner valet i Sverige.,2006
Allmänbildning,Alliansen vinner åter riksdagsvalet och Reinfeldt sitter kvar.,2010
Allmänbildning,Stefan Löfven väljs till statsminister efter valet.,2014
Allmänbildning,Ulf Kristersson väljs till statsminister efter valet.,2022
Allmänbildning,Tidöavtalet sluts och Sverigedemokraterna får inflytande utan ministerposter.,2022
Allmänbildning,Coronapandemin leder till att Riksdagen stärker krislagstiftningen.,2021
Allmänbildning,Sverige köper JAS Gripen-flygplan och det är en stor affär för SAAB.,1982
Allmänbildning,SAAB grundas och börjar producera bilar.,1947
Allmänbildning,Volvo grundas i Göteborg och tillverkar sin första bil.,1927
Allmänbildning,Ericsson grundas och är ett av världens ledande telekomföretag.,1876
Allmänbildning,H&M grundas i Västerås och växer till ett globalt modeimperium.,1947
Allmänbildning,IKEA grundas av Ingvar Kamprad i Älmhult.,1943
Allmänbildning,Spotify grundas i Stockholm av Daniel Ek och Martin Lorentzon.,2006
Allmänbildning,Klarna grundas i Stockholm och köp nu betala senare-modellen sprids.,2005
Allmänbildning,Mojang grundas och Minecraft skapas av Markus Notch Persson.,2009
Allmänbildning,King grundas och Candy Crush Saga spelar miljoner människor.,2003
Allmänbildning,Paradox Interactive grundas i Stockholm och ger ut strategispel.,1999
Allmänbildning,Dice-spelstudion grundas i Stockholm och skapar Battlefield-serien.,1992
Allmänbildning,Dynamit uppfinns av Alfred Nobel och förändrar gruvdrift och bygge.,1867
Allmänbildning,Rulltrappan uppfinns och presenteras på världsutställningen i Paris.,1900
Allmänbildning,Luftkonditionering uppfinns av Willis Carrier och förändrar varma klimat.,1902
Allmänbildning,Kylskåpet introduceras kommersiellt och mat kan förvaras längre.,1913
Allmänbildning,Tvättmaskinen för hemmabruk introduceras och tvättarbetet minskar.,1908
Allmänbildning,Diskmaskin för hemmabruk når konsumentmarknaden i USA.,1950
Allmänbildning,Mikrovågsugnen uppfinns av Percy Spencer av misstag.,1945
Allmänbildning,Non-stick-teflon uppfinns av Roy Plunkett av misstag på DuPont.,1938
Allmänbildning,Nylon uppfinns av DuPont och strumpor av nylon revolutionerar mode.,1935
Allmänbildning,Streckkod-systemet implementeras i livsmedelshandeln i USA.,1974
Allmänbildning,Kreditkortet lanseras kommersiellt av Diners Club.,1950
Allmänbildning,Bankomaten installeras för första gången utanför en bank i London.,1967
Allmänbildning,Swish lanseras i Sverige och mobilbetalningar tar fart.,2012
Allmänbildning,Bankgiro introduceras i Sverige och betalningar digitaliseras.,1959
Allmänbildning,E-handel börjar på allvar när eBay och Amazon startar.,1995
Allmänbildning,Bitcoin-transaktionen med 10 000 mynt för två pizzor sker.,2010
Allmänbildning,Det första moderna containerfartyget revolutionerar fraktfrakt.,1956
Allmänbildning,Supertankern lanseras och oljefrakten förändras.,1950
Allmänbildning,Concorde börjar flyga passagerare med överludes hastighet.,1976
Allmänbildning,Concorde tas ur trafik efter 27 år och ett olycksfall.,2003
Allmänbildning,Det första kommersiella jetplanet – Comet – börjar flyga.,1952
Allmänbildning,Boeing 747 Jumbo Jet börjar trafikera och gör flygresande billigare.,1970
Allmänbildning,Ryanair lanserar lågprisflygande och Europa knyts ihop.,1985
Allmänbildning,Hybridlokomotiv reducerar utsläpp på järnvägen.,2014
Allmänbildning,Maglev-tåget i Japan sätter nytt hastighetsrekord med 603 km/h.,2015
Allmänbildning,Hyperloop-konceptet presenteras av Elon Musk.,2013
Allmänbildning,Det autonoma fartyget Mayflower korsar Atlanten utan besättning.,2022
Allmänbildning,Självkörande taxi godkänns för kommersiell drift i San Francisco.,2023
Allmänbildning,Mount Everest bestigas för första gången av Hillary och Tenzing.,1953
Allmänbildning,Nordpolen nås för första gången av Peary och hans sällskap.,1909
Allmänbildning,Sydpolen nås av Amundsen och hans norska expedition.,1911
Allmänbildning,Djupaste havet nås av Piccard och Walsh i ubåten Trieste.,1960
Allmänbildning,Ballongen korsar Atlanten för första gången.,1978
Allmänbildning,Steve Fossett flyger runt Jorden ensam utan att landa.,2005
Allmänbildning,Felix Baumgartner hoppar från stratosfären och slår ljudvallen.,2012
Allmänbildning,Schack-VM hålls för första gången som en officiell tävling.,1886
Allmänbildning,Magnus Carlsen vinner schack-VM som 22-åring.,2013
Allmänbildning,Rubiks kub uppfinns av Ernő Rubik och säljer 350 miljoner exemplar.,1974
Allmänbildning,Lego-klossarna uppfinns av Ole Kirk Christiansen i Danmark.,1949
Allmänbildning,Barbie-dockan lanseras av Mattel och förändrar leksaksbranschen.,1959
Allmänbildning,Tetris säljs till Nintendo och når miljoner spelkonsol-ägare.,1989
Allmänbildning,Dungeons and Dragons lanseras och rollspel föds som hobby.,1974
Allmänbildning,Magic: The Gathering lanseras och samlarkortspel sprids.,1993
Allmänbildning,Pokémon lanseras i Japan och skapar en kulturell tsunami.,1996
Allmänbildning,World of Warcraft lanseras och MMORPG-genren exploderar.,2004
Allmänbildning,Angry Birds lanseras och mobilspel når en ny publik.,2009
Allmänbildning,Candy Crush Saga lanseras och spelas av 93 miljoner dagligen.,2012
Allmänbildning,Twitch lanseras och spelstreaming normaliseras som underhållning.,2011
Allmänbildning,Det globala tv-spelsmarknaden omsätter mer än filmindustrin.,2020
Allmänbildning,Hushållens tillgång till internet i Sverige överstiger 95 procent.,2020
Allmänbildning,Sociala medier används av mer än 4 miljarder människor världen över.,2021
Allmänbildning,Medellivslängden i Sverige överstiger 80 år för första gången.,1990
Allmänbildning,Barnmordligheten i världen halveras under ett decennium med hjälp av vacciner.,2000
Allmänbildning,Fattigdomen i världen halveras och 1 miljard lyfts ur extrem fattigdom.,2015
Allmänbildning,Millenniemålen antas av FN och säter upp mål för fattigdom och hälsa.,2000
Allmänbildning,Globala vaccinationsprogrammet EPI startar och räddar miljoner liv.,1974
Allmänbildning,Handikappkonventionen antas av FN och stärker rättigheter.,2006
Allmänbildning,Flyktingkonventionen antas och reglerar staters ansvar mot flyktingar.,1951
Allmänbildning,ILO grundas för att reglera arbetsvillkor och fackliga rättigheter.,1919
Allmänbildning,Den internationella arbetsrätten förbjuder barnarbete i farliga yrken.,1999
Allmänbildning,Minimilönelagen i Sverige – kollektivavtalen – stärker löntagare.,1938
Allmänbildning,LO grundas och den svenska fackföreningsrörelsen tar form.,1898
Allmänbildning,Rymdfärjan Discovery transporterar Hubble-teleskopet till omloppsbana.,1990
Allmänbildning,Rymdstationen Mir tas i drift av Sovjet.,1986
Allmänbildning,Sputnik 2 skjuts upp med hunden Lajka – det första djuret i rymden.,1957
Allmänbildning,Apa skjuts upp och överlever rymdfärden.,1961
Allmänbildning,Neil Armstrong och Buzz Aldrin promenerar på månen i Apollo 11.,1969
Allmänbildning,Alan Shepard är den förste amerikanaren i rymden.,1961
Allmänbildning,John Glenn kretsar runt Jorden och är förste amerikanaren att göra det.,1962
Allmänbildning,Valentina Tereshkova är den första kvinnan i rymden.,1963
Allmänbildning,Alexei Leonov gör den första rymdpromenaden utanför rymdfarkosten.,1965
Allmänbildning,Neil Armstrong tar det historiska steget ut på månens yta.,1969
Allmänbildning,Apollo 13 exploderar men besättningen räddas hem.,1970
Allmänbildning,Skylab-rymdstationen tas i bruk av NASA.,1973
Allmänbildning,Viking 1 landar på Mars och skickar de första bilderna från ytan.,1976
Allmänbildning,Voyager 2 är det enda rymdskepp som flyger förbi alla fyra gasplaneterna.,1989
Allmänbildning,Galileo-sonden kretsar runt Jupiter och undersöker dess månar.,1995
Allmänbildning,Cassini-Huygens landar sonden Huygens på Titans yta.,2005
Allmänbildning,New Horizons passerar Pluto och visar ishjärtan på ytan.,2015
Allmänbildning,OSIRIS-REx hämtar prov från asteroiden Bennu och återvänder till Jorden.,2023
Allmänbildning,Chang'e 5 hämtar månprov och Kina blir tredje land att göra det.,2020
Allmänbildning,Indiens Chandrayaan-3 landar nära månens sydpol.,2023
Allmänbildning,Första privata rymdturisten Dennis Tito flyger till ISS.,2001
Allmänbildning,Jeff Bezos flyger till rymdens kant med Blue Origin.,2021
Allmänbildning,Richard Branson flyger till rymdens kant med Virgin Galactic.,2021
Allmänbildning,SpaceX Crew Dragon tar astronauter till ISS – första privata uppdraget.,2020
Allmänbildning,Stjärnkikaren William Herschel hittar planeten Uranus.,1781
Allmänbildning,Planeten Neptunus förutsägs matematiskt och bekräftas med teleskop.,1846
Allmänbildning,Pluto upptäcks av Clyde Tombaugh.,1930
Allmänbildning,Pluto omklassas till en dvärgplanet av IAU.,2006
Allmänbildning,Exoplanet 51 Pegasi b bekräftar att planeter kretsar runt andra stjärnor.,1995
Allmänbildning,Gravitationslinsning bekräftas observationellt och bevisar Einsteins teori.,1919
Allmänbildning,Neutronsstjärnors kollision detekteras med gravitationsvågor och ljus.,2017
Allmänbildning,Sagittarius A* fotograferas och är Vintergatans eget svarta hål.,2022
Allmänbildning,Astrofysiken grundas av Cecilia Payne-Gaposchkin som visar att stjärnor är vätgas.,1925
Allmänbildning,Radioaktiviteten upptäcks av Henri Becquerel och studeras av Marie Curie.,1896
Allmänbildning,Det första kärnkraftsverket för elproduktion öppnas i Calder Hall i England.,1956
Allmänbildning,Tjernobylolyckan tvingar 350 000 att evakuera och påverkar Europa i decennier.,1986
Allmänbildning,Fukushima-olyckan leder till att Japan stänger alla kärnkraftverk tillfälligt.,2011
Allmänbildning,Ringhals kärnkraftverk börjar tas ur drift efter politiskt beslut.,2019
Allmänbildning,Det egyptiska hieroglyfspråket tyder av Champollion med hjälp av Rosettastenen.,1822
Allmänbildning,Rosettastenen hittas i Egypten av Napoleons soldater.,1799
Allmänbildning,Trojas ruiner hittas av Heinrich Schliemann i Turkiet.,1868
Allmänbildning,Tutankhamons grav öppnas av Howard Carter i Egypten.,1922
Allmänbildning,Lascaux-grottan med 17 000 år gamla grottmålningar hittas i Frankrike.,1940
Allmänbildning,Altamira-grottan med förhistoriska bisonmålningar hittas i Spanien.,1879
Allmänbildning,Terrakottaarmén hittas av bönder som gräver en brunn i Kina.,1974
Allmänbildning,Dödahavsrullarna hittas av en herde i grottor nära Döda havet.,1947
Allmänbildning,Machu Picchu återupptäcks av Hiram Bingham och görs världskänd.,1911
Allmänbildning,Palmyra-ruinerna i Syrien förstörs delvis av IS.,2015
Allmänbildning,Notre-Dame i Paris drabbas av en katastrofal brand och taket rasar.,2019
Allmänbildning,Restaureringen av Notre-Dame avslutas och katedralen återöppnas.,2024
Allmänbildning,Kolosseum renoveras och skyddas med EU-pengar.,2013
Allmänbildning,En gigantisk glaciär – A76A – lossnar från Antarktis och är störst i världen.,2022
Allmänbildning,Indonesisk vulkan Krakatau exploderar och skapar en minitsunami.,2018
Allmänbildning,Vesuvius vulkan begraver Pompejis invånare under aska.,79
Allmänbildning,Tambora-vulkanen exploderar och år 1816 kallas år utan sommar.,1815
Allmänbildning,Islandsvulkanen Eyjafjallajökull stoppar europeisk flygtrafik i sex dagar.,2010
Allmänbildning,Hagibis – en supertyfon – drabbar Japan och orsakar svåra översvämningar.,2019
Allmänbildning,Cyklonen Idai är Afrikas dödligaste tropiska storm i modern tid.,2019
Allmänbildning,Orkanen Katrina dödar 1 800 och lämnar New Orleans under vatten.,2005
Allmänbildning,Jordbävningen och tsunamin vid Indiska oceanen dödar 227 000.,2004
Allmänbildning,Jordbävningen i Kobe i Japan dödar 6 400 och skadar 40 000.,1995
Allmänbildning,Jordbävningen i Sichuan i Kina dödar 87 000 människor.,2008
Allmänbildning,Jordbävningen och tsunamin i Japan utlöser Fukushima-katastrofen.,2011
Allmänbildning,Jordbävningen i Haiti dödar 230 000 och är en av de dödligaste.,2010
Allmänbildning,Morse skickar det första officiella telegrafmeddelandet från Washington till Baltimore.,1844
Allmänbildning,Det första fotografiet från rymden av Jordens yta tas från en V2-raket.,1946
Allmänbildning,Det första e-handelköpet genomförs online av en Sting-skiva.,1994
Allmänbildning,Selfie väljs till Oxfords ordbok som årets ord.,2013
Allmänbildning,Emoji introduceras i Japan och sprids globalt.,1999
Allmänbildning,QR-koden uppfinns i Japan för att spåra bilar i en fabrik.,1994
Allmänbildning,Ansiktsigenkänning används för att låsa upp iPhone X.,2017
Allmänbildning,Förarlösa bilar involveras i det första dödliga olycksfall.,2018
Allmänbildning,Litiumjonbatteriet uppfinns av John Goodenough och förändrar energilagring.,1991
Allmänbildning,Solpanelernas verkningsgrad överstiger 40 procent i laboratorium.,2022
Allmänbildning,Vätebilar börjar säljas kommersiellt av Toyota.,2014
Allmänbildning,Det första kommersiella offshorevindkraftverket tas i drift.,1991
Allmänbildning,Den globala elproduktionen från sol och vind överstiger 10 procent.,2020
Allmänbildning,Norges elbilsandel överstiger 80 procent av nyregistreringar.,2022
Allmänbildning,Första elmopeden i Sverige registreras och godkänns för trafik.,1990
Allmänbildning,Cykelhjälmens skyddseffekt bekräftas i studier och rekommenderas aktivt.,1990
Allmänbildning,Trafikljuset uppfinns och sätts upp utanför Parlamentet i London.,1868
Allmänbildning,Säkerhetsbältet uppfinns av Volvo-ingenjören Nils Bohlin.,1959
Allmänbildning,Krockkudden introduceras i en serie-tillverkad bil av Mercedes.,1981
Allmänbildning,ABS-bromsar introduceras i personbilar av Bosch och Mercedes.,1978
Allmänbildning,Vätgas används som bränsle i bränslecellsfordon av Hyundai.,2013
Allmänbildning,Oatly grundas i Sverige.,1994
Allmänbildning,Quorn-proteinet tas fram av svampjäsning och ersätter kött i maten.,1985
Allmänbildning,Yogans popularitet exploderar i väst och miljoner utövar det dagligen.,2000
Allmänbildning,Linné publicerar Systema Naturae och ger varje art ett tvådelat latinskt namn.,1735
Allmänbildning,Darwins teori om naturligt urval publiceras och skapar kontroverser.,1859
Allmänbildning,Gregor Mendels ärftlighetslagar publiceras men ignoreras i 35 år.,1866
Allmänbildning,Mendels lagar återupptäcks och genetiken föds som vetenskap.,1900
Allmänbildning,Kromosomernas roll i arvsmassan bekräftas av Thomas Hunt Morgan.,1910
Allmänbildning,DNA identifieras som bärare av genetisk information av Avery.,1944
Allmänbildning,PCR-tekniken uppfinns av Kary Mullis och gör DNA-analys möjlig.,1983
Allmänbildning,Homo naledi – en ny hominid – hittas i en grotta i Sydafrika.,2015
Allmänbildning,Lucy – en tidig Australopithecus – hittas i Etiopien.,1974
Allmänbildning,Ottzi ismannen hittas i Alperna.,1991
Allmänbildning,Arkeologiska fynd i Israel dateras till den tidiga Homo sapiens utanför Afrika.,2018
Allmänbildning,Fossilet av en enorm pingvin hittas i Nya Zeeland.,2023
Allmänbildning,Chicxulub-kratern i Mexiko bekräftas som platsen för dinosauriernas utdöende.,1991
Allmänbildning,Det första fullständiga T-rex-skelett hittas och kallas Sue.,1990
Allmänbildning,Elefanters empati och sorg vid dödsfall dokumenteras vetenskapligt.,2005
Allmänbildning,Kråkor använder verktyg och visar problemlösningsförmåga.,2002
Allmänbildning,Schimpanser lär sig teckenspråk och kommunicerar med människor.,1967
Allmänbildning,Goriллan Koko lär sig teckenspråk och skapar meningar.,1972
Allmänbildning,Orken Tilikum i SeaWorld dödas av en tränare och skapar debatt.,2010
Allmänbildning,Valens migrationsrutter kartläggs och skyddas via internationella avtal.,1986
Allmänbildning,Varg återintroduceras i Sverige och skapar politisk debatt.,1983
Allmänbildning,Lodjuret återetablerar sig i Sverige efter att ha varit nära utrotning.,1990
Allmänbildning,Kungsörnen fredas och populationen växer i Sverige.,1970
Allmänbildning,Fjällräven – en av Naturskyddsföreningens symboldjur – minskar kraftigt.,2008
Allmänbildning,Radon i bostäder klassas som en av de vanligaste cancerorsak-källorna.,2009
Allmänbildning,EU:s kemikalielagstiftning REACH träder i kraft.,2007
Allmänbildning,Renässansen börjar i Florens med ett nytt intresse för antiken.,1400
Allmänbildning,Upplysningen tar form och förnuftet sätts framför tron i Europa.,1700
Allmänbildning,Industriella revolutionen börjar i England med ångmaskinen.,1760
Allmänbildning,Den franska revolutionen förändrar Europas politiska karta.,1789
Allmänbildning,Romantiken uppstår som reaktion på upplysning och industrialisering.,1800
Allmänbildning,Impressionismen föds i Paris med Monet och Renoir.,1874
Allmänbildning,Kubismen skapas av Picasso och Braque i Paris.,1907
Allmänbildning,Dadaismen uppstår i Zürich som en reaktion mot krigets galenskap.,1916
Allmänbildning,Surrealismen bildas av André Breton och konstnärer som Dalí.,1924
Allmänbildning,Bauhaus-skolan grundas i Weimar av Walter Gropius.,1919
Allmänbildning,Abstrakt expressionism dominerar konstvärlden i USA efter kriget.,1945
Allmänbildning,Pop art-rörelsen uppstår med Warhol och Lichtenstein i USA.,1960
Allmänbildning,Andy Warhol säljer Campbell's Soup Cans som konst och väcker debatt.,1962
Allmänbildning,Banksy skapar gatukonst som säljs för miljoner men avböjer erkännande.,2000
Allmänbildning,NFT-konst exploderar och digitalt ägande av konst debatteras.,2021
Allmänbildning,Louvren öppnas som museum i Paris med Mona Lisa som dragplåster.,1793
Allmänbildning,British Museum grundas och är ett av världens äldsta offentliga museer.,1753
Allmänbildning,Nationalmuseum i Stockholm grundas och samlar Sveriges konst.,1866
Allmänbildning,Guggenheim Museum i Bilbao öppnar och lockar turister till Baskien.,1997
Allmänbildning,MoMA i New York öppnar och modern konst får ett hem.,1929
Allmänbildning,Tate Modern i London öppnar i ett omgjort kraftverk.,2000
Allmänbildning,Det nya Nationalmuseums-bygget i Stockholm invigs efter renovering.,2018
Allmänbildning,Vasa-museet öppnar i Stockholm med det bäst bevarade skeppsvraket.,1990
Allmänbildning,ABBA-museet öppnar på Djurgården i Stockholm.,2013
Allmänbildning,Fotografiska museet i Stockholm öppnar och fotografin hyllas.,2010
Allmänbildning,Nobel Prize Museum öppnar i Börshuset i Gamla stan i Stockholm.,2001
Allmänbildning,Skansen öppnar som världens äldsta friluftsmuseum.,1891
Allmänbildning,Nordiska museet grundas av Artur Hazelius.,1873
Allmänbildning,Livrustkammaren i Stockholm är ett av världens äldsta museer.,1628
Allmänbildning,Det egyptiska museet i Kairo öppnar och världens bästa faraonsamling visas.,1902
Allmänbildning,Stonehenge erkänns som ett UNESCO Världsarv.,1986
Allmänbildning,Angkor Wat i Kambodja erkänns som ett UNESCO Världsarv.,1992
Allmänbildning,Stora barriärrevet erkänns som UNESCO Världsarv.,1981
Allmänbildning,Galápagosöarna erkänns som UNESCO Världsarv.,1978
Allmänbildning,Yellowstone erkänns som ett av de första nationalparkerna i världen.,1872
Allmänbildning,Abisko nationalpark i Sverige grundas.,1909
Allmänbildning,Sarek nationalpark i Sverige grundas.,1909
Allmänbildning,Daniel Kahnemans Thinking Fast and Slow publiceras och omvärderar ekonomi.,2011
Allmänbildning,Positiv psykologi-rörelsen grundas av Martin Seligman.,1998
Allmänbildning,Mindfulnessträning introduceras i sjukvården av Jon Kabat-Zinn.,1979
Allmänbildning,Placebo-effekten bekräftas i dubbelblindade studier.,1955
Allmänbildning,Schlafhorst beskriver sömncykler med REM-sömn.,1953
Allmänbildning,Smärttröskeln hos individer kartläggs och kronisk smärta definieras.,1973
Allmänbildning,Autism-spektrumstörningen erkänns officiellt i DSM.,1980
Allmänbildning,ADHD diagnosen breddar sig och fler vuxna diagnostiseras.,1987
Allmänbildning,Bipolaritet döps om och behandlas allt bättre med litium.,1949
Allmänbildning,Kognitiv beteendeterapi KBT visar sig effektiv mot depression.,1977
Allmänbildning,Antidepressiva SSRI-preparat godkänns och Prozac lanseras.,1987
Allmänbildning,Det metriska systemet introduceras i Frankrike efter revolutionen.,1795
Allmänbildning,Den internationella tidszonerna standardiseras vid en konferens i Washington.,1884
Allmänbildning,Greenwich används som nollmeridian och världstid bestäms därifrån.,1884
Allmänbildning,Atommåttenheten dalton fastställs och molekylvikter kan jämföras.,1961
Allmänbildning,SI-systemet för mätenheter standardiseras internationellt.,1960
Allmänbildning,Absoluta nollpunkten – minus 273 grader Celsius – beskrivs av Kelvin.,1848
Allmänbildning,Termometern uppfinns av Fahrenheit och temperatur kan mätas.,1714
Allmänbildning,Guldstandarden avvecklas och valutor flotteras fritt.,1971
Allmänbildning,WTO grundas och ersätter GATT med bredare mandat.,1995
Allmänbildning,OPEC grundas av oljeland och kontrollerar priset på olja.,1960
Allmänbildning,Kina antas i WTO och integreras i det globala handelssystemet.,2001
Allmänbildning,Eurozonen drabbas av skuldkris och Grekland är nära konkurs.,2010
Allmänbildning,Elon Musk passerar Jeff Bezos som världens rikaste person.,2021
Allmänbildning,Jeff Bezos grundar Amazon som en bok-webbutik i ett garage.,1994
Allmänbildning,FN:s livsmedels- och jordbruksorganisation FAO grundas.,1945
Allmänbildning,Världslivsmedelsprogrammet WFP grundas och bekämpar hunger.,1961
Allmänbildning,Rättvis handel-rörelsen lanserar FAIRTRADE-märket.,1988
Allmänbildning,Mikrokredit-rörelsen grundas av Muhammad Yunus i Bangladesh.,1983
Allmänbildning,Grameen Bank ger lån till fattiga utan säkerhet och vinner Nobelpriset.,2006
Allmänbildning,Indien passererar Kina som folkrikaste landet i världen.,2023
Allmänbildning,Indiens ekonomi beräknas vara världens tredje största inom tio år.,2023
Allmänbildning,Tryckluftsbromsarna uppfinns av George Westinghouse och tåg kan stoppas säkert.,1869
Allmänbildning,Dynamitsprängning i berget Gotthard möjliggör byggandet av Alptunneln.,1882
Allmänbildning,Den Brooklyn Bridge invigs och är tidens längsta hängbro.,1883
Allmänbildning,Eiffeltornet byggs som entréport till världsutställningen i Paris.,1889
Allmänbildning,Empire State Building byggs på 410 dagar och invigs.,1931
Allmänbildning,Golden Gate Bridge invigs och är ett ingenjörsunder i sin tid.,1937
Allmänbildning,Sydney Opera House invigs och är ett ikoniskt arkitekturverk.,1973
Allmänbildning,Burj Al Arab i Dubai invigs och är ett av världens lyxigaste hotell.,1999
Allmänbildning,Burj Khalifa i Dubai invigs och är världens högsta byggnad med 828 meter.,2010
Allmänbildning,Shanghai Tower byggs och är 632 meter hög.,2015
Allmänbildning,The Shard i London invigs och förändrar Londons silhuett.,2012
Allmänbildning,One World Trade Center invigs på 9/11-platsen i New York.,2014
Allmänbildning,Notre-Dame de Paris börjar byggas och tar 200 år att färdigställa.,1163
Allmänbildning,Pantheon i Rom är fortfarande världens bäst bevarade antika byggnad.,125
Allmänbildning,Kolosseum i Rom byggs och härbärgerar 50 000 åskådare.,80
Allmänbildning,Kinesiska muren befästs under Ming-dynastin till sin nuvarande form.,1368
Allmänbildning,Taj Mahal byggs av kejsar Shah Jahan som ett monument åt sin fru.,1648
Allmänbildning,Machu Picchu byggs av inkariket på 2 430 meters höjd.,1450
Allmänbildning,Akropolis och Parthenon byggs i Aten av Perikles.,447 f.Kr.
Allmänbildning,Alexanderfyren – ett av antikens sju underverk – byggs på Faros utanför Alexandria.,280 f.Kr.
Allmänbildning,Den hängande trädgården i Babylon omnämns som ett av antikens underverk.,600 f.Kr.
Allmänbildning,Rodoskolosset – en staty av guden Helios – byggs vid hamnen i Rhodos.,280 f.Kr.
Allmänbildning,Zeusstatyn i Olympia byggs av Feidias och är 13 meter hög.,435 f.Kr.
Allmänbildning,Artemistemplet i Efesos byggs och är fyra gånger större än Parthenon.,550 f.Kr.
Allmänbildning,Mausoleet i Halikarnassos ger namn åt alla framtida mausoléer.,353 f.Kr.
Allmänbildning,Cheopspyramiden byggs och är i 3 800 år världens högsta byggnad.,2560 f.Kr.
Allmänbildning,Sfinksen i Giza byggs och är det äldsta monumentala skulpturverket.,2500 f.Kr.
Allmänbildning,Stenarna i Stonehenge riktas mot soluppgången vid sommarsolståndet.,2500 f.Kr.
Allmänbildning,De maltesiska tempel-ruinerna är världens äldsta fristående stenkonstruktioner.,3600 f.Kr.
Allmänbildning,Göbekli Tepe i Turkiet dateras till 11 600 år och är ett tempelkomplex.,9600 f.Kr.
Allmänbildning,Jeriko är en av världens äldsta kontinuerligt bebodda städer.,9000 f.Kr.
Allmänbildning,Ur i Mesopotamien är en av de äldsta städerna med skrift och administration.,3800 f.Kr.
Allmänbildning,Babylon under Nebukadnessar II har hängande trädgårdar och Ishtar-porten.,600 f.Kr.
Allmänbildning,Persepolis byggs av Darius och är persiska rikets praktfulla ceremoniella stad.,518 f.Kr.
Allmänbildning,Den Stora muren i Kina börjar byggas som en serie av separata murar.,700 f.Kr.
Allmänbildning,Hammurabis lag-kodex är en av de äldsta bevarade lagsamlingarna.,1754 f.Kr.
Allmänbildning,Ur-Nammus lag-kodex är ännu äldre och ett tidigt rättsligt dokument.,2100 f.Kr.
Allmänbildning,Cuneiform-skrift används för första gången och ord kan fästas på lera.,3200 f.Kr.
Allmänbildning,Papyrus används som skrivmaterial i Egypten och information bevaras.,3000 f.Kr.
Allmänbildning,Pergament ersätter papyrus och böcker kan produceras hållbarare.,200 f.Kr.
Allmänbildning,Papper uppfinns i Kina och spriter västerut via silkesvägen.,105
Allmänbildning,Boktryckarkonsten sprider sig och antalet böcker i Europa exploderar.,1470
Allmänbildning,Den första dagstidningen ges ut i Straaborg i dåtidens Preussen.,1605
Allmänbildning,The Times grundas i London.,1785
Allmänbildning,Reuters nyhetsagentur grundas och sprider nyheter via telegraf.,1851
Allmänbildning,AP nyhetsagentur grundas i USA och levererar nyheter till tidningar.,1846
Allmänbildning,TT grundas i Sverige och levererar nyheter till svenska medier.,1921
Allmänbildning,SVT lanserar Rapport och nyhetsprogrammet sänds fortfarande.,1969
Allmänbildning,CNN grundas och 24-timmars nyhetssändning börjar.,1980
Allmänbildning,Al Jazeera startar sändningarna och arabvärlden får en oberoende kanal.,1996
Allmänbildning,Fox News grundas och partisk nyhetsjournalistik debatteras.,1996
Allmänbildning,BuzzFeed grundas och klickbete-journalistiken tar fart.,2006
Allmänbildning,Huffington Post grundas och bloggar blir en del av nyhetslandskapet.,2005
Allmänbildning,MySpace dominerar sociala medier men faller snabbt när Facebook stiger.,2006
Allmänbildning,Second Life lanseras och virtuella världar debatteras.,2003
Allmänbildning,The Metaverse-konceptet lanseras av Meta och investeringar görs.,2021
Allmänbildning,Apple Music lanseras som en konkurrent till Spotify.,2015
Allmänbildning,SoundCloud lanseras och oberoende musiker kan dela sin musik gratis.,2007
Allmänbildning,Podcaster-boom under pandemin gör Joe Rogan Experience störst.,2020
Allmänbildning,BBC Podcasts börjar produceras och public service hittar nytt format.,2004
Allmänbildning,Wikipedia har 60 miljoner artiklar på 300 språk vid sitt 20-årsjubileum.,2021
Allmänbildning,Wolfram Alpha lanseras som ett beräkningsbaserat kunskapsverktyg.,2009
Allmänbildning,Khan Academy grundas och gratis utbildning erbjuds online.,2006
Allmänbildning,Coursera och EdX grundas och universitetsutbildning distribueras digitalt.,2012
Allmänbildning,Duolingo lanseras och språkinlärning gamifieras.,2011
Allmänbildning,Google Translate når 100 språk och maskinöversättning förbättras.,2010
Allmänbildning,Massövervakning av medborgare av NSA avslöjas av Edward Snowden.,2013
Allmänbildning,Cambridge Analytica-skandalen avslöjar att Facebook-data missbrukats.,2018
Allmänbildning,Kinas sociala kreditsystem implementeras i pilotform.,2018
Allmänbildning,Reels lanseras av Instagram och korta videor dominerar flödena.,2020
Allmänbildning,Twitter byter namn till X under Elon Musk.,2023
Allmänbildning,Threads lanseras av Meta och lockar 100 miljoner på fem dagar.,2023
Allmänbildning,Bluesky lanseras av Jack Dorsey som ett decentraliserat Twitter-alternativ.,2023
Allmänbildning,Det första telefonsamtalet rings av Alexander Graham Bell till sin assistent.,1876
Allmänbildning,Marconi skickar det första radiomeddelandet tvärs över Atlanten.,1901
Allmänbildning,Television demonstreras offentligt av John Logie Baird i London.,1925
Allmänbildning,Färg-TV börjar sändas regelbundet i USA.,1954
Allmänbildning,VHS-kassetten lanseras av JVC och hemanvändning av video sprids.,1976
Allmänbildning,Betamax förlorar formatkampen mot VHS trots bättre bildkvalitet.,1988
Allmänbildning,DAT-kassetten lanseras men aldrig riktigt slår igenom hos konsumenter.,1987
Allmänbildning,MiniDisc lanseras av Sony men klarar inte konkurrensen från CD.,1992
Allmänbildning,iPoden lanseras och 1 000 låtar i fickan blir möjligt.,2001
Allmänbildning,Streaming passerar download-försäljning av musik.,2015
Allmänbildning,Nintendo lanserar Game Boy och handhållen gaming sprids.,1989
Allmänbildning,PlayStation lanseras av Sony och spelbranschen förändras.,1994
Allmänbildning,Nintendo 64 lanseras och 3D-gaming når hemmaanvändare.,1996
Allmänbildning,Dreamcast lanseras av Sega och är deras sista spelkonsol.,1998
Allmänbildning,PlayStation 2 lanseras och säljer 155 miljoner exemplar.,2000
Allmänbildning,GameCube lanseras av Nintendo med skivformat.,2001
Allmänbildning,Xbox 360 lanseras och onlinespelande via Xbox Live sprids.,2005
Allmänbildning,PlayStation 3 lanseras med Blu-ray.,2006
Allmänbildning,Wii U lanseras men säljer sämre än förväntat.,2012
Allmänbildning,Apple Silicon M1 lanseras.,2020
Allmänbildning,Meta Quest 3 lanseras som ett mer prisvärt VR-alternativ.,2023
Allmänbildning,Samsung Galaxy Fold lanseras och vikbara telefoner når marknaden.,2019
